{"cameraMode":{"drawMode":0,"name":"Shaded","section":"Shading Mode"},"sceneLighting":false,"audioPlay":false,"sceneViewState":{"m_AlwaysRefresh":false,"showFog":true,"showSkybox":false,"showFlares":true,"showImageEffects":true,"showParticleSystems":true,"showVisualEffectGraphs":true,"m_FxEnabled":true},"in2DMode":false,"pivot":{"x":-0.008671030402183533,"y":0.005209196358919144,"z":0.01880785822868347},"rotation":{"x":0.011648695915937424,"y":0.9882819652557373,"z":-0.10146522521972656,"w":0.1134558767080307},"size":0.12990382313728333,"orthographic":false}